voltage,current
0.565657,0.003920
0.572727,0.005101
0.579798,0.006389
0.586869,0.002983
0.593939,0.009908
0.601010,0.019233
0.608081,0.018478
0.615152,0.031130
0.622222,0.029770
0.629293,0.036497
0.636364,0.067966
0.643434,0.063040
0.650505,0.012850
0.657576,0.110885
0.664646,0.149101
0.671717,0.178071
0.678788,0.257171
0.685859,0.314844
0.692929,0.446926
0.700000,0.571186